hash,	Link
d144031,	SONAR-6427
2ca3711,	none
d241928,	none
fa4a081,	SONAR-6428
3445f73,	SONAR-6427, SONAR-6428
32689ef,	SONAR-6429
47962b0,	SONAR-6539
5dd3163,	none
15dde41,	SONAR-6539
885033d,	SONAR-6414
bc19206,	SONAR-6366
70746c3,	SONAR-6366
d9d0f54,	SONAR-6377
51c20b5,	SONAR-6379
144fdda,	SONAR-6376
85d04f6,	SONAR-6385
6c8db21,	SONAR-6465
1f78292,	none
9ea2606,	none
9f00b01,	SONAR-6416
397225c,	SONAR-6536, SONAR-6535
974af97,	SONAR-6468
aa0cae7,	SONAR-6465
7a26b1d,	SONAR-6468
251f4d5,	SONAR-6464
437be6c,	none
d44b890,	SONAR-5851
49fdd0a,	SONAR-6210
2e42d82,	SONAR-6365
8e4c824,	SONAR-5851
cf4b511,	SONAR-6521
cad73b7,	SONAR-6522
cc8d5ba,	none
861a040,	SONAR-6521
fafb1f0,	SONAR-6138
b11d842,	SONAR-6365
9234f4d,	SONAR-6365
2039593,	SONAR-6522
3970781,	SONAR-5851
d11386b,	SONAR-6210
9b235dd,	SONAR-6525
dc67dc3,	SONAR-6469
cc181b8,	SONAR-6508
912e988,	SONAR-6470
c33ac9a,	SONAR-6465
43cde24,	none
bf4db87,	SONAR-6366
3e2f029,	SONAR-6522
3e2f029,	SONAR-6212
c53897c,	none
835be00,	SONAR-6517
04805fc,	none
53b12f3,	SONAR-6379
3aac5f8,	none
223cca4,	SONAR-6468
2727c6c,	SONAR-6343
1b0e00b,	SONAR-6661
7e3ed6a,	SONAR-6661
5a92a8b,	SONAR-6537
1e3b417,	SONAR-6529
1c5a498,	SONAR-5851
53d98ef,	SONAR-5968
f5919d8,	SONAR-6416
f7c5f42,	SONAR-6661
3c18d94,	SONAR-6535
ba3556f,	SONAR-6661
f8f2f5a,	SONAR-6427,SONAR-6428
2ac386b,	SONAR-6661
35fdca5,	none
0858c38,	none
75d76ad,	none
18834f5,	none
5a587fb,	none
96ae349,	none
d6069f2,	none
301e576,	none
a0dcad8,	SONAR-6416
d826ca6,	none
36baed9,	SONAR-6416
cba928d,	none
c41df86,	SONAR-6526
9f3a9dd,	SONAR-6526
374f666,	none
65804fb,	SONAR-6661
d356b78,	none
ecbaff3,	SONAR-6536
93226c3,	SONAR-6060
0c32759,	SONAR-6542
94ee510,	none
e2a24d9,	SONAR-6527
414eb48,	none
079a817,	SONAR-6365
712a36a,	SONAR-6535
ed48e4f,	SONAR-6661
4bab898,	none
7d5701e,	none
0d46d49,	none
e51d430,	none
6558440,	SONAR-6523
695f310,	none
68565f9,	none
c8faf09,	SONAR-6521
52f34d9,	none
6790188,	none
fe9ef10,	SONAR-6535
3cc9320,	none
b85d637,	none
9bf718e,	SONAR-6465
1a4c250,	none
3e609b5,	SONAR-6257, SONAR-6259
41e5ebd,	none
5b039ec,	none
8775ef0,	none
ce770ba,	none
b691c1b,	none
a29055a,	none
681e6cf,	SONAR-6411
7e997a0,	none
d8797fd,	none
28d2d52,	none
2d666da,	none
982931e,	SONAR-6366
b1ebe72,	none
2992697,	SONAR-6548
0ecb8d5,	none
a447948,	SONAR-6526, SONAR-6527
b68d2f9,	none
a0b334f,	SONAR-6257, SONAR-6259
5b0e47e,	SONAR-6526, SONAR-6527
aaf1d2f,	none
275dc59,	none
1abbd25,	SONAR-6555
685f611,	none
d92546c,	none
2075cf6,	none
ce138d8,	none
77e67e7,	none
2ef5c56,	none
6a19a67,	none
7b75515,	none
b1e6269,	none
de0cefc,	none
e1e833f,	none
33c7e05,	none
4b1e4e5,	SONAR-6416
51433ef,	SONAR-6210
d81d143,	none
acae10d,	SONAR-6527
aa0cc3c,	none
56a8050,	none
7f85255,	none
b58544d,	none
a115036,	none
3c31c95,	SONAR-6554
c3387de,	SONAR-6554
21bdb33,	SONAR-6468
5510b96,	SONAR-6469
54b1e1f,	SONAR-6562
e59e4aa,	SONAR-6554
06cafc9,	SONAR-6471
51076b0,	SONAR-6416
d1788b5,	SONAR-6531
e1712a8,	none
bb6f15a,	SONAR-6526
22a930a,	none
68e96ec,	none
7196a9c,	SONAR-6527
411ff94,	none
53b9346,	SONAR-6428
a27d5ef,	SONAR-6259
84130a4,	SONAR-6416
8cfa163,	none
0c470cc,	none
07eb6ac,	none
ffd9e10,	none
8d82c9c,	none
3051f39,	SONAR-6531
40af2e3,	none
aac5b47,	SONAR-6418
10c3297,	none
ea3a093,	none
9219636,	SONAR-6418
0e5443e,	none
d6dd991,	none
895b846,	none
419f034,	SONAR-6555
e009561,	SONAR-6565
bb1e477,	SONAR-6253
c83b447,	SONAR-6573
e4c01a6,	SONAR-6566
35b83f4,	SONAR-6467
ffc5bbb,	SONAR-6468
e153531,	SONAR-6562
51ca401,	SONAR-6468
512a03a,	SONAR-6535
6a3878f,	none
0c5700c,	none
f6c0a0b,	none
654cbe6,	none
b21437d,	none
6e9f440,	SONAR-6377
93afcd6,	none